{
  "project_info": {
    "project_number": "621720152806",
    "project_id": "loginapp-9fd0f",
    "storage_bucket": "loginapp-9fd0f.appspot.com"
  },
  "client": [
    {
      "client_info": {
        "mobilesdk_app_id": "1:621720152806:android:40c74cc8bbe560c1d16927",
        "android_client_info": {
          "package_name": "com.example.loginapp"
        }
      },
      "oauth_client": [
        {
          "client_id": "621720152806-gir7tus1foc24fbdukgiiiu4jkfqqipq.apps.googleusercontent.com",
          "client_type": 1,
          "android_info": {
            "package_name": "com.example.loginapp",
            "certificate_hash": "adc48fd8fc3bf4a3f2bd73c5387ccb9258957171"
          }
        },
        {
          "client_id": "621720152806-hml6t6hmfk53om4ckianp38h3qtsqcjo.apps.googleusercontent.com",
          "client_type": 3
        }
      ],
      "api_key": [
        {
          "current_key": "AIzaSyDBhJTYsD9W6juNYPdxJDaxru2KCUKp7tc"
        }
      ],
      "services": {
        "appinvite_service": {
          "other_platform_oauth_client": [
            {
              "client_id": "621720152806-hml6t6hmfk53om4ckianp38h3qtsqcjo.apps.googleusercontent.com",
              "client_type": 3
            }
          ]
        }
      }
    }
  ],
  "configuration_version": "1"
}